cod_cliente,data_cadastro,data_primeira_compra,uf,cidade
16,20070611,20080213,0,0
48,20070619,20080222,0,0
160,20070619,20080702,0,1
272,20070619,20120615,0,2
288,20070619,20100812,0,0
320,20070619,20081001,0,3
352,20070619,20071011,0,0
368,20070619,20080306,0,0
5472,19970909,20071029,1,4
5584,20040813,20070814,0,0
5600,20040813,20070925,0,0
5856,20040813,20070910,0,0
5872,20040813,20070821,0,0
5936,20040813,20070814,0,0
5952,20040813,20070814,0,0
5968,20040813,20070817,0,0
6016,20040813,20070910,0,0
6032,20040813,20070820,0,0
6048,20040813,20070913,0,0
6128,20040813,20070815,0,5
6144,20040701,20070829,0,0
6176,20040813,20071023,0,2
6192,20040813,20070924,0,2
6288,20040813,20070926,0,3
6304,20040813,20070821,0,0
6352,20040813,20070810,0,6
6400,20040813,20070815,0,3
6432,20040813,20070815,0,3
6448,20040813,20070808,0,3
6464,20040813,20070808,0,3
6480,20040813,20070815,0,3
6800,20040813,20070910,0,7
6816,20040813,20070910,0,7
6832,20040813,20070815,0,8
6864,20040813,20070912,0,8
6896,20040813,20070822,0,8
7008,20040813,20070912,0,0
7104,20040813,20070810,0,0
7456,20040813,20070905,0,0
7488,20040813,20070905,0,0
7504,20040813,20080507,0,0
7584,20020626,20071015,0,9
7632,20040813,20070824,0,0
7648,20040813,20071003,0,0
7696,20040813,20070917,0,0
7728,20040813,20070904,0,0
7744,20040813,20070817,0,0
7760,20040813,20070817,0,0
7792,20040813,20070809,0,0
7920,20040813,20070820,0,0
7952,20040813,20070905,0,0
7984,20020709,20070814,0,0
8000,20020711,20070822,0,0
8016,20040813,20070809,0,0
8096,20040813,20070824,0,0
8240,20020717,20071002,0,10
8304,20040813,20070830,0,0
8320,20040813,20070808,0,0
8336,20040813,20070813,0,0
8480,20040813,20070816,0,11
8576,20040813,20070816,0,11
8720,20040813,20070911,0,9
8816,20040813,20070816,0,9
8832,20040813,20070822,0,12
8848,20040813,20070808,0,12
8928,20040813,20070822,0,12
8976,20040813,20070810,0,13
8992,20040813,20071008,0,13
9088,20040813,20070815,0,5
9136,20040813,20070913,0,5
9264,20040813,20070813,0,2
9344,20040813,20070813,0,2
9376,20040813,20071005,0,2
9744,20040813,20070906,0,0
9840,20040813,20071005,0,0
9984,20040813,20070906,0,0
10064,20040813,20070914,0,0
10112,20040813,20070822,0,0
10160,20040813,20070830,0,0
10288,20040813,20070814,0,0
10320,20040813,20071009,0,0
10448,20040813,20140314,0,0
10496,20040813,20070830,0,0
10640,20040813,20070816,0,0
10784,20040813,20070814,0,0
10896,20040813,20070910,0,13
10976,20040813,20070821,0,0
11024,20040813,20070822,0,0
11072,20040813,20070813,0,0
11168,20040813,20070817,0,0
11344,20040813,20070809,0,0
11392,20040813,20070813,0,0
11408,20040813,20070814,0,0
11424,20040813,20070830,0,0
11440,20040813,20070822,0,0
11504,20040813,20070906,0,0
11680,20040813,20070817,0,0
11712,20040813,20070905,0,3
11792,20040813,20070813,0,2
11824,20040813,20070823,0,11
11904,20040813,20100720,0,0
12064,20040813,20070914,0,0
12304,20040813,20070813,0,2
12336,20040813,20070822,0,0
12384,20040813,20070912,0,0
12432,20040813,20071019,0,0
12528,20040813,20070917,0,0
12576,20040813,20070910,0,2
12768,20040813,20070828,0,0
12816,20040813,20070910,0,2
12880,20040813,20080606,0,0
12992,20040813,20071017,0,3
13008,20040813,20070815,0,3
13184,20040813,20070813,0,2
13264,20040813,20080221,0,0
13376,20040813,20070828,0,0
13680,20040813,20071005,0,2
13728,20040813,20070910,0,2
13744,20040813,20070813,0,2
13840,20040813,20071009,0,6
13856,20040813,20070810,0,6
13904,20040813,20070810,0,6
13920,20040813,20070810,0,6
14176,19970912,20070815,0,0
14224,19970918,20070816,0,9
14320,19970918,20070910,0,7
14368,19970919,20070824,0,0
14400,19970925,20071029,0,13
14448,19971001,20070816,0,11
14624,19971014,20080717,0,0
14704,19971015,20070821,0,0
14752,19971016,20070809,0,0
14944,19971027,20070806,0,0
15088,19971030,20070810,0,6
15168,19971106,20070918,0,0
15216,19971111,20071128,0,0
15248,19971112,20070831,0,0
15360,19971120,20070820,0,2
15488,19971126,20070808,0,3
15712,19980109,20070817,0,0
16080,19980318,20070810,0,6
16256,19980423,20070817,0,0
16272,19980423,20071029,0,2
16544,19980508,20070823,0,14
16576,19980508,20070823,0,14
16592,19980508,20070809,0,14
16768,19980513,20070808,0,3
17040,19980521,20070808,0,3
17184,19980525,20070829,0,3
17328,19980529,20070829,0,3
17584,19980608,20070809,0,15
17616,19980608,20080124,0,15
17648,19980608,20070906,0,15
17744,19980608,20070823,0,14
17888,19980619,20070905,0,3
17904,19980619,20120704,0,3
17936,19980619,20070924,0,3
17984,19980626,20070905,0,3
18048,19980626,20101124,0,3
18112,19980708,20070809,0,15
18160,19980708,20071004,0,16
18432,19980730,20070813,0,2
18448,19980730,20070829,0,0
18480,19980731,20070927,0,0
18512,19980805,20100730,0,0
18528,19980805,20091210,0,9
18576,19980807,20070906,0,15
18880,19980930,20070823,0,15
18912,19981002,20070829,0,9
19024,19981022,20070829,0,9
19232,19981123,20070831,0,5
19248,19981125,20070809,0,14
19344,19981229,20070815,0,3
19424,19990114,20070820,0,2
19520,20020723,20071005,0,0
19920,19990319,20071127,0,3
20176,19990414,20070809,0,15
20368,19990520,20070903,0,2
20384,19990525,20070830,0,10
20400,19990525,20070912,0,0
20736,19990914,20070809,0,15
20832,19991011,20071029,0,2
20960,19991021,20070906,0,0
21120,19991108,20070815,0,0
21216,19991116,20070809,0,17
21280,19991118,20070829,0,9
21376,19991124,20070816,0,11
21728,19991216,20071002,0,13
21808,20000107,20070817,0,0
22144,20000308,20080613,0,0
22176,20000309,20070810,0,6
22384,20000412,20070827,0,0
22416,20000412,20070813,0,0
22560,20000426,20070810,0,0
22640,20000512,20070815,0,5
22800,20000626,20070830,0,0
22912,20000720,20070828,0,2
23072,20000831,20070810,0,0
23248,20001123,80702,0,0
23280,20001206,20070817,0,0
23328,20001212,20070809,0,0
23472,20010119,20071015,0,2
23552,20010220,20070822,0,3
23616,20010309,20070815,0,5
23776,20010419,20141010,0,13
23936,20010622,20070817,0,0
24096,20010725,20070815,0,0
24304,20011109,20071004,0,0
24352,20020108,20070817,0,0
24400,20020122,20070831,0,5
24464,20020226,20071016,0,0
24544,20020405,20070903,0,2
24624,20020416,20070808,0,3
24816,20020820,20070807,0,0
24960,20020910,20070829,0,3
25120,20021010,20110511,0,0
25200,20021016,20070824,0,0
25312,20021029,20071003,0,3
25408,20021119,20070808,0,3
25520,20030108,20070816,0,9
25776,20030312,20080807,0,18
25936,20030325,20070815,0,5
25968,20030325,20110111,0,12
25984,20030326,20070813,0,0
26112,20030402,20070820,0,18
26208,20030429,20070817,0,0
26224,20030430,20071212,0,5
26336,20030508,20070816,0,9
26352,20030509,20070905,0,0
26368,20030509,20070912,0,0
26512,20030515,20070817,0,0
26688,20030602,20070807,0,0
26768,20030611,20080709,0,18
26784,20030611,20091007,0,0
26832,20030624,20070906,0,11
26928,20030709,20070917,0,18
26960,20030722,20070809,0,11
27056,20030723,20070810,0,6
27088,20030729,20070831,0,5
27120,20030806,20070830,0,19
27456,20030926,20071004,0,15
27520,20031003,20070817,0,0
27536,20031006,20070910,0,2
27616,20031013,20070919,0,12
27632,20031014,20071120,0,0
27712,20031030,20070820,0,19
27776,20031110,20070906,0,0
27920,20031125,20070808,0,12
28000,20031128,20070820,0,10
28144,20040113,20110511,0,0
28160,20040116,20070809,0,14
28176,20040116,20070809,0,14
28208,20040123,20070912,0,0
28272,20040210,20070829,0,3
28304,20040211,20090604,0,18
28368,20040212,20070910,0,0
28400,20040217,20070830,0,19
28576,20040312,20070823,0,15
28592,20040312,20071029,0,20
28624,20040312,20070903,0,20
28640,20040312,20070903,0,20
28688,20040312,20070903,0,20
28752,20040312,20101126,0,21
28800,20040324,20130916,0,0
28816,20040325,20071009,0,9
28848,20040326,20110614,0,0
28912,20040407,20080709,0,19
28960,20040416,20071004,0,15
28976,20040416,20071105,0,15
29104,20040519,20100315,0,0
29136,20040611,20070813,0,2
29184,20040618,20080417,0,14
29216,20040621,20101126,0,21
29312,20040701,20071024,0,0
29664,20040411,20070820,0,0
29776,20041208,20071004,0,14
29936,20041124,20080108,0,0
29952,20041124,20070820,0,19
30096,20050105,20070823,0,15
30352,20050225,20070817,0,0
30416,20050311,20070927,0,0
30560,20050505,20070829,0,9
30784,20050628,20070912,0,0
30912,20050727,20070830,0,11
31072,20050906,20070808,0,3
31088,20050908,20071114,0,12
31136,20051014,20070810,0,13
31168,20051111,20070823,0,14
31200,20051111,20070903,0,20
31216,20051117,20070820,0,19
31232,20051121,20070816,0,9
31248,20051122,20080714,0,15
31504,20060123,20070821,0,0
31536,20060201,20070820,0,18
31648,20060426,20070820,0,18
31664,20060517,20070815,0,0
31776,20060621,20070810,0,0
31920,20060630,20070830,0,19
31968,20060706,20071105,0,15
32016,20060721,20071002,0,22
32112,20061003,20070822,0,3
32144,20061017,20070910,0,13
32160,20061019,20070917,0,10
32416,20061213,20070816,0,11
32448,20070104,20070809,0,14
32560,20070314,20070824,0,0
32576,20070316,20091127,0,2
32656,20070405,20070820,0,2
33056,20070619,20070814,2,23
35520,20070619,20100719,0,0
35648,20070720,20071004,0,0
36032,20070725,20070814,0,0
36048,20070725,20070814,0,0
36144,20070727,20070924,0,2
36256,20070728,20070810,0,0
36448,20070730,20070828,0,0
36592,20070731,20070823,0,17
36608,20070731,20070917,0,18
36832,20070810,20070830,0,0
36928,20070817,20070817,0,0
37008,20070831,20070903,0,0
37248,20071003,20071004,0,14
37360,20071015,20071015,0,9
37408,20071017,20071018,0,24
37584,20071109,20130527,0,0
37744,20080111,20080115,0,6
37856,20080207,20080208,0,0
37984,20080317,20080415,0,0
38016,20080325,20080326,0,12
38064,20080411,20080414,0,0
38992,20080529,20101011,0,2
39632,20080613,20080616,0,24
39664,20080613,20080618,0,8
40032,20080620,20080623,0,19
40368,20080709,20080709,0,0
40544,20080718,20080723,0,19
40560,20080721,20151022,0,0
40640,20080724,20080724,0,0
40752,20080730,20080731,0,0
40880,20080804,20080804,0,5
41184,20080828,20080828,0,0
41200,20080828,20080828,0,0
41216,20080828,20080828,0,0
41440,20080922,20080924,0,3
41616,20081006,20081007,0,0
41648,20081007,20081008,0,3
41760,20081027,20081028,0,0
41792,20081029,20081030,0,19
41808,20081029,20081030,0,18
41872,20081106,20081110,0,10
41936,20081118,20081118,0,0
42000,20081121,20081124,0,19
42032,20081121,20081124,0,18
42096,20081121,20081124,0,10
42256,20081202,20081203,0,3
42304,20081205,20081208,0,5
42448,20081210,20081211,0,19
42720,20090112,20090121,0,3
42896,20090121,20090128,0,15
43088,20090128,20090129,0,20
43120,20090130,20090130,0,0
43152,20090204,20090206,0,6
43392,20090219,20090220,0,0
43520,20090305,20090311,0,3
43584,20090312,20090316,0,18
43600,20090312,20090316,0,18
43824,20090319,20090323,0,15
43856,20090319,20090917,0,17
43968,20090403,20090403,0,0
44000,20090409,20090413,0,18
44016,20090409,20090413,0,18
44032,20090409,20090413,0,18
44064,20090409,20090413,0,18
44528,20090529,20090529,0,0
44624,20090603,20090604,0,19
44656,20090603,20090604,0,19
45216,20090710,20090715,0,3
45232,20090710,20090715,0,3
45328,20090714,20090714,0,0
45344,20090714,20091127,0,14
45392,20090715,20090715,0,0
45488,20090723,20090723,0,0
45584,20090731,20090731,0,0
45664,20090805,20090806,0,18
45936,20090901,20090902,0,17
46000,20090903,20090903,0,19
46176,20090916,20090917,0,15
46208,20090916,20090917,0,15
46304,20090921,20090921,0,0
46400,20090924,20091208,0,10
46448,20090930,20090930,0,14
46656,20091007,20091007,0,17
46704,20091007,20091007,0,15
46784,20091008,20091009,0,0
46832,20091014,20091014,0,14
46864,20091014,20091015,0,9
46928,20091021,20091021,0,15
47296,20091117,20091118,0,14
47360,20091118,20091119,0,0
47504,20091126,20091127,0,15
47520,20091126,20091127,0,15
47600,20091127,20091127,0,15
47984,20091216,20091218,0,0
48000,20091217,20091217,0,11
48128,20100112,20100427,0,0
48288,20100120,20100120,0,9
48352,20100121,20100122,0,15
48480,20100128,20100128,0,19
48992,20100225,20100225,0,19
49072,20100225,20100225,0,25
49088,20100225,20100225,0,25
49152,20100225,20100625,0,25
49200,20100301,20100304,0,0
49344,20100308,20100326,0,2
49472,20100309,20100312,0,19
49520,20100310,20100312,0,0
49568,20100310,20100818,0,6
49648,20100311,20100312,0,19
49664,20100311,20100312,0,19
49760,20100311,20100312,0,19
49936,20100318,20100527,0,25
49952,20100318,20100323,0,25
49968,20100318,20100323,0,25
50064,20100325,20100329,0,15
50144,20100330,20151022,0,0
50208,20100401,20100405,0,26
50224,20100401,20100405,0,26
50320,20100408,20100409,0,2
50416,20100412,20100413,0,0
50576,20100415,20100415,0,27
50608,20100419,20100426,0,0
50832,20100505,20100505,0,0
51104,20100520,20100521,0,28
51136,20100520,20100521,0,26
51264,20100521,20100521,0,2
51376,20100527,20100527,0,25
51632,20100601,20100601,0,0
51984,20100630,20100630,0,29
52160,20100707,20100709,0,18
52208,20100708,20100708,0,11
52432,20100729,20100729,0,25
52560,20100811,20100811,0,0
52656,20100813,20100820,0,24
52784,20100825,20100825,0,20
52912,20100902,20100902,0,11
53008,20100922,20100923,0,9
53264,20101027,20101028,0,30
53296,20101027,20101028,0,31
53328,20101101,20101101,0,8
53376,20101105,20101111,0,25
53408,20101105,20101105,0,2
53552,20101117,20101118,0,0
53568,20101117,20101119,0,0
53696,20101119,20101123,0,32
53728,20101119,20101123,0,33
53744,20101119,20101123,0,33
53792,20101119,20101123,0,33
53824,20101119,20101123,0,34
53920,20101119,20101123,0,32
53968,20101119,20101223,0,33
54000,20101119,20101223,0,32
54352,20101123,20101125,0,6
54400,20101124,20101124,0,11
54560,20101124,20101129,0,35
54576,20101124,20101129,0,35
54608,20101124,20101129,0,35
54624,20101124,20101129,0,35
55152,20101125,20101201,0,36
55168,20101126,20101130,0,3
55600,20101214,20101214,0,3
55616,20101214,20101214,0,3
55648,20101214,20101220,0,20
55664,20101214,20101220,0,2
55712,20101216,20101221,0,21
55744,20101217,20101222,0,3
55888,20110107,20110111,0,37
55952,20110113,20110119,0,3
55984,20110113,20110114,0,19
56000,20110113,20110114,0,10
56096,20110118,20110121,0,10
56160,20110120,20110124,0,11
56192,20110124,20110126,0,3
56224,20110127,20110131,0,38
56240,20110127,20110131,0,38
56304,20110203,20110204,0,0
56448,20110216,20110216,0,3
56496,20110216,20110218,0,35
56672,20110224,20110228,0,3
56720,20110225,20110225,0,2
56752,20110302,20110302,0,3
56768,20110302,20110303,0,0
56928,20110304,20110309,0,33
57008,20110307,20110310,0,38
57088,20110308,20110314,0,0
57200,20110310,20110314,0,12
57232,20110311,20110314,0,3
57440,20110323,20110328,0,12
57584,20110401,20110404,0,3
57600,20110404,20110406,0,3
57632,20110406,20110406,0,3
57824,20110415,20110419,0,3
57840,20110415,20110419,0,3
57888,20110418,20110419,0,0
57920,20110419,20110425,0,0
57984,20110419,20110426,0,0
58000,20110419,20110426,0,0
58112,20110425,20110427,0,3
58192,20110427,20110428,0,11
58224,20110427,20110428,0,5
58304,20110428,20110502,0,8
58336,20110428,20110503,0,0
58416,20110503,20110503,0,0
58464,20110504,20110504,0,9
58560,20110506,20110506,0,2
58576,20110506,20110908,0,0
58592,20110506,20110511,0,0
58608,20110506,20110509,0,3
58688,20110518,20110518,0,9
58720,20110518,20110518,0,12
58736,20110518,20110519,0,0
58800,20110520,20110520,0,27
58880,20110524,20110524,0,3
58896,20110524,20110525,0,0
59104,20110603,20110606,0,0
59296,20110610,20110613,0,0
59408,20110615,20110616,0,0
59456,20110616,20110621,0,11
59472,20110616,20110621,0,11
59504,20110617,20110620,0,0
59536,20110617,20110621,0,2
59552,20110617,20110617,0,0
59632,20110620,20110621,0,3
59760,20110622,20110622,0,10
59776,20110622,20110622,0,10
59808,20110622,20110627,0,0
59888,20110627,20110628,0,0
60016,20110629,20110630,0,0
60144,20110704,20110704,0,0
60240,20110706,20110712,0,11
60400,20110708,20110708,0,18
60416,20110708,20110711,0,0
60528,20110708,20110711,0,0
60656,20110712,20151022,0,0
60720,20110713,20110726,0,9
60736,20110713,20110720,0,9
61056,20110719,20110725,0,21
61216,20110722,20110722,0,0
61344,20110727,20110727,0,0
61408,20110728,20110801,0,8
61504,20110729,20110729,0,0
61584,20110803,20110804,0,0
61600,20110803,20110804,0,0
61680,20110805,20110805,0,19
61968,20110812,20110812,0,35
62160,20110823,20110824,0,3
62208,20110823,20110823,0,0
62256,20110823,20111024,0,24
62544,20110905,20110906,0,0
62640,20110909,20110909,0,0
62992,20110916,20110916,0,35
63088,20110922,20110926,0,0
63120,20110923,20110926,0,3
63616,20111010,20111010,0,18
63680,20111013,20111014,0,26
63696,20111013,20111013,0,0
63808,20111019,20111019,0,3
63824,20111019,20111024,0,0
63840,20111020,20111020,0,0
64032,20111025,20111026,0,5
64128,20111027,20111028,0,0
64208,20111028,20111031,0,39
64272,20111101,20111103,0,0
64288,20111103,20111103,0,0
64368,20111104,20111104,0,0
64464,20111109,20111111,0,0
64480,20111109,20111110,0,0
64512,20111109,20111110,0,0
64528,20111109,20111110,0,0
64880,20111124,20111128,0,9
64896,20111124,20111128,0,9
64944,20111125,20111125,0,18
65104,20111129,20111130,0,33
65152,20111130,20111205,0,19
65168,20111130,20111201,0,0
65248,20111205,20111206,0,7
65344,20111207,20111207,0,40
65408,20111208,20111209,0,0
65568,20111215,20111215,0,41
65744,20120109,20120111,0,0
66016,20120127,20120127,0,39
66080,20120201,20120201,0,0
66160,20120208,20120209,0,0
66272,20120209,20120209,0,0
66352,20120210,20120213,0,11
66480,20120228,20120314,0,5
66528,20120302,20120305,0,3
66640,20120307,20120309,0,0
66672,20120308,20120309,0,0
66736,20120312,20120312,0,15
67008,20120321,20120321,0,3
67056,20120323,20120323,0,10
67088,20120323,20120323,0,25
67216,20120329,20120330,0,32
67232,20120329,20120330,0,2
67280,20120404,20120405,0,0
67328,20120411,20120411,0,0
67488,20120420,20120423,0,10
67504,20120420,20120420,0,18
67600,20120425,20120502,0,3
67728,20120503,20120504,0,9
67744,20120503,20120503,0,0
67776,20120503,20120515,0,0
67856,20120510,20120514,0,0
67920,20120511,20120515,0,0
68048,20120516,20120516,0,9
68096,20120516,20120516,0,30
68128,20120516,20120518,0,3
68192,20120518,20120522,0,11
68272,20120518,20120522,0,11
68384,20120525,20120528,0,0
68464,20120525,20120529,0,2
68784,20120530,20120531,0,6
68832,20120531,20120601,0,0
69040,20120606,20120606,0,0
69424,20120614,20120618,0,9
69664,20120619,20120806,0,0
69808,20120621,20120904,0,0
69824,20120621,20120823,0,0
69840,20120621,20120723,0,0
69872,20120621,20130125,0,0
69888,20120621,20120810,0,0
70000,20120621,20120627,0,3
70288,20120625,20150617,0,3
70400,20120629,20120703,0,0
70432,20120629,20120703,0,0
70592,20120629,20120702,0,12
70656,20120629,20120702,0,3
70672,20120629,20120702,0,12
70800,20120704,20120709,0,11
71024,20120709,20120709,0,8
71408,20120712,20120713,0,0
71680,20120716,20120717,0,0
71712,20120717,20120717,0,0
71776,20120718,20120718,0,15
71808,20120719,20120719,0,5
71920,20120719,20120720,0,0
72000,20120720,20120720,0,10
72064,20120723,20120723,0,11
72224,20120725,20120730,0,0
72304,20120731,20120731,0,0
72384,20120802,20120806,0,8
72432,20120802,20120806,0,12
72640,20120807,20120808,0,3
72656,20120807,20120808,0,3
72672,20120808,20120808,0,3
72704,20120809,20120809,0,9
72880,20120815,20120816,0,0
72992,20120816,20120817,0,0
73056,20120817,20120821,0,25
73168,20120820,20120823,0,11
73200,20120820,20120823,0,11
73312,20120823,20120827,0,8
73344,20120824,20120824,0,9
73616,20120831,20120903,0,11
74224,20120921,20120921,0,9
74272,20120921,20120921,0,9
74416,20120928,20121001,0,0
74752,20121008,20121009,0,0
74960,20121015,20121016,0,11
75024,20121017,20121018,0,9
75056,20121018,20121019,0,0
75072,20121019,20121019,0,0
75248,20121025,20121025,0,42
75264,20121025,20121025,0,42
75280,20121025,20121025,0,42
75328,20121026,20121031,0,18
75408,20121030,20121030,0,0
75632,20121106,20121106,0,0
75664,20121109,20121112,0,3
75728,20121112,20121112,0,0
75952,20121116,20121119,0,0
76000,20121116,20121116,0,18
76240,20121122,20121126,0,42
76320,20121123,20121127,0,0
76528,20121129,20121204,0,0
76560,20121130,20121204,0,0
76704,20121212,20121213,0,21
76960,20130110,20130111,0,42
77264,20130129,20130130,0,3
77360,20130206,20130206,0,12
77536,20130214,20130218,0,0
77792,20130222,20130222,0,0
78064,20130320,20130812,0,0
78224,20130328,20130328,0,2
78368,20130405,20140314,0,19
78592,20130418,20130419,0,0
78624,20130419,20130419,0,32
78640,20130419,20130419,0,2
78976,20130506,20130507,0,11
79072,20130509,20130510,0,9
79120,20130510,20130513,0,0
79216,20130516,20130521,0,0
79296,20130517,20130517,0,14
79328,20130517,20130521,0,0
79392,20130520,20130521,0,0
79488,20130523,20130528,0,0
79552,20130524,20130528,0,0
79568,20130524,20130528,0,0
79888,20130607,20130607,0,18
79936,20130610,20130611,0,0
79968,20130611,20130611,0,0
80240,20130614,20130619,0,0
80432,20130619,20130619,0,0
80480,20130621,20130809,0,2
80624,20130625,20130625,0,0
80672,20130626,20130627,0,0
80784,20130627,20130628,0,0
80800,20130701,20130703,0,3
80848,20130702,20161110,0,0
80864,20130702,20141218,0,0
80896,20130703,20130704,0,0
81040,20130704,20130709,0,0
81056,20130704,20130709,0,0
81088,20130704,20130710,0,0
81200,20130710,20130710,0,0
81248,20130711,20130819,0,0
81264,20130711,20130715,0,0
81408,20130718,20130723,0,0
81440,20130718,20130723,0,0
81472,20130719,20130719,0,25
81536,20130724,20130725,0,0
81600,20130725,20130725,0,0
81680,20130725,20130726,0,15
81792,20130731,20130731,0,0
81840,20130802,20180820,0,3
81872,20130802,20130808,0,0
81968,20130806,20130808,0,0
82144,20130809,20130812,0,14
82208,20130813,20130814,0,3
82288,20130816,20130819,0,42
82400,20130820,20130820,0,0
82416,20130821,20130822,0,0
82496,20130823,20130823,0,25
82544,20130823,20130823,0,21
82624,20130830,20130830,0,20
82672,20130904,20130905,0,0
82688,20130904,20130905,0,0
83072,20130913,20130916,0,0
83200,20130925,20131009,0,0
83232,20130925,20130925,0,0
83424,20131001,20131001,0,0
83520,20131004,20131004,0,16
83616,20131008,20131009,0,3
83664,20131008,20131008,0,0
83680,20131009,20131009,0,0
83792,20131009,20131009,0,6
83824,20131010,20131010,0,0
83856,20131010,20131010,0,0
83952,20131011,20131014,0,11
84304,20131021,20131023,0,29
84320,20131021,20131023,0,43
84368,20131021,20131029,0,29
84400,20131022,20131023,0,3
84432,20131023,20131105,0,3
84512,20131024,20131029,0,29
84528,20131024,20131028,0,0
84640,20131029,20131029,0,44
84880,20131106,20131106,0,9
85040,20131108,20131111,0,8
85136,20131111,20131112,0,0
85152,20131112,20131112,0,0
85328,20131121,20131121,0,0
85392,20131125,20131128,0,40
85696,20131205,20131209,0,0
85808,20131213,20131213,0,0
85824,20131213,20131216,0,0
85856,20131216,20131217,0,0
85888,20131218,20140115,0,0
85904,20131218,20131220,0,0
86016,20140108,20140109,0,5
86144,20140114,20140120,0,3
86240,20140115,20140115,0,9
86288,20140117,20140120,0,0
86320,20140123,20140127,0,3
86384,20140124,20140124,0,2
86448,20140127,20140129,0,3
86544,20140205,20140205,0,0
86592,20140214,20140217,0,0
86640,20140221,20150119,0,2
86720,20140227,20140318,0,0
86768,20140228,20140228,0,2
86896,20140306,20140310,0,12
86992,20140317,20140318,0,0
87040,20140321,20140324,0,25
87072,20140321,20140324,0,25
87120,20140321,20140324,0,25
87136,20140321,20140324,0,25
87184,20140321,20140324,0,25
87200,20140321,20140324,0,25
87232,20140321,20140324,0,25
87456,20140328,20140331,0,35
87472,20140328,20140609,0,14
87536,20140331,20140401,0,0
87616,20140404,20140404,0,22
87696,20140409,20140410,0,11
87776,20140411,20140609,0,14
87792,20140411,20140411,0,14
87808,20140411,20140411,0,14
87904,20140411,20140527,0,14
87984,20140416,20140417,0,0
88000,20140417,20140417,0,11
88064,20140424,20140425,0,10
88256,20140502,20140502,0,19
88400,20140509,20140512,0,22
88528,20140519,20140519,0,0
88640,20140523,20140523,0,18
88672,20140527,20140527,0,14
88784,20140530,20140530,0,25
88848,20140606,20140606,0,0
88928,20140609,20140611,0,0
89008,20140613,20140617,0,0
89088,20140616,20140616,0,11
89232,20140620,20140620,0,0
89312,20140626,20140630,0,0
89328,20140626,20140627,0,13
89408,20140630,20140701,0,0
89568,20140703,20140704,0,0
89968,20140711,20140716,0,3
90160,20140723,20140724,0,0
90336,20140801,20140804,0,0
90352,20140804,20140805,0,14
90448,20140808,20170530,0,19
90496,20140808,20140812,0,0
90704,20140825,20140827,0,0
90720,20140825,20140827,0,0
90976,20140924,20140924,0,45
90992,20140924,20140924,0,46
91008,20140924,20140924,0,46
91104,20140925,20140925,0,0
91120,20140925,20140925,0,0
91216,20140926,20140929,0,0
91280,20140926,20140926,0,21
91344,20140926,20140926,0,21
91408,20140930,20141024,0,8
91440,20141001,20141001,0,0
91456,20141002,20141009,0,12
91536,20141003,20141003,0,0
91552,20141003,20141003,0,19
91568,20141003,20141017,0,19
91664,20141008,20141008,0,0
91696,20141008,20141008,0,0
91728,20141014,20141014,0,46
91776,20141014,20141014,0,46
91824,20141014,20141014,0,46
91904,20141017,20141017,0,0
92016,20141024,20180831,0,47
92208,20141024,20180831,0,47
92272,20141024,20170420,0,47
92416,20141030,20141030,0,0
92480,20141110,20141208,0,11
92720,20141128,20141128,0,21
92848,20141211,20150109,0,0
92896,20141216,20141218,0,0
92944,20141218,20141222,0,0
92976,20141222,20141222,0,48
93040,20150109,20150112,0,17
93072,20150113,20150113,0,12
93184,20150121,20150121,0,5
93328,20150129,20150129,0,0
93376,20150130,20150205,0,46
93440,20150212,20150212,0,0
93456,20150216,20150216,0,12
93760,20150310,20150311,0,3
93792,20150311,20150311,0,9
93840,20150316,20150316,0,18
93888,20150316,20150316,0,18
93984,20150320,20170310,0,2
94112,20150401,20150402,0,0
94224,20150402,20150402,0,0
94256,20150406,20150407,0,0
94336,20150410,20150410,0,0
94352,20150410,20150410,0,22
94432,20150414,20150414,0,0
94672,20150422,20150422,0,14
94816,20150423,20151123,0,0
94896,20150428,20150428,0,19
95520,20150515,20150518,0,18
95568,20150515,20150518,0,25
95584,20150515,20150518,0,25
95840,20150519,20150529,0,10
95872,20150519,20150519,0,0
96144,20150521,20150608,0,18
96336,20150525,20150525,0,0
96384,20150525,20150615,0,0
96400,20150525,20180906,0,18
96544,20150528,20150603,0,0
96656,20150528,20160128,0,0
96784,20150529,20150601,0,46
96880,20150529,20160127,0,49
97152,20150602,20170317,0,19
97216,20150602,20150703,0,18
97344,20150602,20150602,0,49
97680,20150605,20150626,0,19
97776,20150605,20151117,0,0
97904,20150605,20151016,0,50
98096,20150605,20150608,0,2
98864,20150611,20190524,0,22
98944,20150611,20150615,0,51
99008,20150611,20150611,0,0
99136,20150612,20150615,0,51
99216,20150612,20150908,0,51
99360,20150612,20160426,0,52
99648,20150615,20150617,0,0
99696,20150615,20150618,0,0
99888,20150615,20150615,0,51
100416,20150619,20150619,0,10
100448,20150619,20150623,0,0
101328,20150624,20150624,0,0
101712,20150626,20150626,0,18
102976,20150702,20160205,0,0
103024,20150702,20150708,0,0
103344,20150702,20150918,0,11
103552,20150706,20150708,0,0
103968,20150708,20180822,0,42
105296,20150721,20170125,0,3
105568,20150724,20150724,0,21
106128,20150804,20150804,0,0
106160,20150804,20150804,0,0
106496,20150812,20170324,0,0
106672,20150813,20180830,0,0
107056,20150821,20170706,0,0
107248,20150825,20150826,0,0
107552,20150902,20150902,0,3
107616,20150904,20150908,0,8
108048,20150918,20150918,0,25
108192,20150923,20150925,0,53
108272,20150924,20170310,0,20
108816,20151009,20151127,0,10
108848,20151009,20151009,0,0
108912,20151014,20151016,0,54
108928,20151014,20151016,0,55
108944,20151014,20151016,0,56
108960,20151014,20151016,0,55
109008,20151014,20151014,0,3
109120,20151015,20151016,0,50
109136,20151015,20151015,0,0
109152,20151015,20151022,0,0
109200,20151016,20151016,0,25
109328,20151020,20151023,0,57
109344,20151020,20151023,0,53
109360,20151020,20151023,0,53
109376,20151020,20151020,0,58
109488,20151021,20151217,0,0
109536,20151021,20151022,0,0
109552,20151021,20151022,0,0
109632,20151021,20161124,0,0
109648,20151021,20151022,0,0
109696,20151021,20151116,0,0
109712,20151021,20151022,0,0
109760,20151021,20151022,0,0
109776,20151021,20151022,0,0
109824,20151021,20151116,0,0
109872,20151021,20160106,0,0
109888,20151021,20151022,0,0
109952,20151021,20160729,0,0
109984,20151021,20151123,0,0
110176,20151022,20151023,0,53
110208,20151022,20151023,0,53
110368,20151023,20151023,0,59
110384,20151023,20151023,0,59
110752,20151106,20151113,0,0
110768,20151106,20151106,0,0
110784,20151110,20151110,0,0
110832,20151111,20151111,0,3
111200,20151118,20151118,0,3
111312,20151119,20151123,0,0
111440,20151120,20151123,0,11
111472,20151120,20151124,0,25
111584,20151123,20151123,0,0
112064,20151202,20151203,0,0
112176,20151204,20151207,0,51
112208,20151209,20151214,0,0
112240,20151210,20160414,0,0
112448,20151218,20151219,0,18
112544,20151221,20151221,0,0
112624,20160114,20160115,0,0
112656,20160114,20160118,0,60
112784,20160120,20171011,0,0
112880,20160120,20160125,0,60
112912,20160121,20160121,0,0
112976,20160122,20160122,0,13
113232,20160204,20160524,0,0
113872,20160225,20170815,0,0
114128,20160302,20160719,0,0
114496,20160311,20170630,0,18
115120,20160324,20160324,0,21
115360,20160407,20160408,0,13
115376,20160408,20160408,0,10
116000,20160426,20160426,0,60
116064,20160504,20180802,0,0
116176,20160506,20160509,0,61
116192,20160506,20160509,0,61
116208,20160506,20160509,0,62
116224,20160506,20160509,0,63
116240,20160506,20160509,0,64
116256,20160506,20160509,0,60
116272,20160506,20160509,0,60
116288,20160509,20160512,0,65
116384,20160513,20160513,0,66
116464,20160516,20160517,0,67
116480,20160516,20160517,0,67
116496,20160516,20160517,0,68
116528,20160516,20160517,0,69
116560,20160518,20160519,0,0
116688,20160520,20160520,0,6
116704,20160523,20160524,0,0
116832,20160527,20160531,0,70
116848,20160527,20160531,0,60
116864,20160527,20160531,0,60
116880,20160527,20160531,0,60
116896,20160527,20160531,0,60
116912,20160527,20160531,0,60
116928,20160527,20160531,0,60
116944,20160530,20160531,0,71
116976,20160531,20160531,0,7
116992,20160610,20160614,0,0
117072,20160615,20160616,0,0
117152,20160617,20160617,0,0
117248,20160629,20160629,0,3
117536,20160720,20160720,0,0
117568,20160722,20160823,0,33
117696,20160727,20160801,0,72
117712,20160727,20160801,0,73
117888,20160802,20160808,0,50
117952,20160803,20160808,0,50
118016,20160808,20160808,0,74
118032,20160808,20160808,0,75
118064,20160808,20160808,0,76
118272,20160812,20160812,0,0
118384,20160819,20160922,0,0
118528,20160831,20161116,0,0
119232,20161111,20161111,0,0
119280,20161116,20161116,0,0
119600,20161205,20161207,0,3
119632,20161209,20161212,0,0
119792,20161221,20161221,0,0
119840,20170111,20170111,0,0
120096,20170210,20170210,0,0
120176,20170222,20170222,0,18
120752,20170301,20170301,0,0
120928,20170303,20170310,0,0
121040,20170309,20170309,0,17
121472,20170330,20170330,0,18
121504,20170404,20170404,0,0
121552,20170405,20170406,0,0
121648,20170411,20170413,0,0
121680,20170413,20170413,0,19
121712,20170418,20170926,0,0
121744,20170418,20170420,0,0
121808,20170420,20170420,0,47
121904,20170426,20170426,0,3
122032,20170512,20170519,0,19
122112,20170525,20170530,0,19
122128,20170525,20170525,0,22
122144,20170525,20170525,0,0
122288,20170622,20170703,0,11
122336,20170627,20170627,0,0
122400,20170704,20170704,0,0
122560,20170714,20170714,0,19
122608,20170719,20170719,0,3
122816,20170801,20170801,0,0
122848,20170814,20170928,0,77
122896,20170816,20170816,0,28
123440,20171010,20171010,0,21
123504,20171011,20171011,0,11
123712,20171025,20171025,0,0
123888,20171030,20171101,0,18
123984,20171101,20171106,0,3
124080,20171107,20171221,0,0
124112,20171108,20171108,0,3
124272,20171122,20171207,3,78
124304,20171123,20171123,0,0
124368,20171205,20171205,0,0
124512,20171207,20171207,0,0
124544,20171212,20180115,0,33
124560,20171212,20171212,0,77
124736,20180116,20180116,0,0
124784,20180119,20180119,0,42
124832,20180126,20180126,0,0
124848,20180126,20180126,0,0
125136,20180209,20180209,0,25
125360,20180223,20180223,0,2
125376,20180223,20180223,0,7
125392,20180226,20180227,0,77
125424,20180228,20200507,0,0
125584,20180308,20180309,0,13
126032,20180418,20180808,0,11
126288,20180502,20180502,0,3
126304,20180503,20180507,0,11
126480,20180511,20180515,0,79
126576,20180515,20180515,0,80
126624,20180518,20180518,0,2
126656,20180518,20180625,0,2
126800,20180605,20180605,0,0
127216,20180629,20180810,0,10
127360,20180711,20180809,0,5
127424,20180713,20180713,0,0
127472,20180719,20180724,0,77
127568,20180727,20180727,0,0
127600,20180801,20180801,0,6
127632,20180802,20180802,0,0
127648,20180803,20180803,0,2
127664,20180803,20180803,0,2
127680,20180803,20180803,0,2
127728,20180807,20180807,0,2
127760,20180808,20180808,0,15
127840,20180813,20180813,0,19
127872,20180813,20180813,0,0
127904,20180814,20180814,0,9
127936,20180815,20180815,0,3
127968,20180817,20180820,0,3
127984,20180820,20180820,0,0
128000,20180820,20180820,0,81
128048,20180822,20180822,0,0
128064,20180822,20180822,0,0
128080,20180823,20181005,0,10
128128,20180828,20180828,0,82
128144,20180828,20180828,0,9
128160,20180829,20180831,0,0
128176,20180831,20180831,0,2
128192,20180831,20180831,0,47
128304,20180906,20180906,0,0
128320,20180906,20180906,0,18
128336,20180906,20180906,0,18
128384,20180913,20180917,0,0
128400,20180913,20180917,0,0
128432,20180917,20180917,0,0
128448,20180921,20180927,0,29
128528,20180928,20180928,0,2
128544,20180928,20180928,0,2
128720,20181025,20181025,0,0
128736,20181025,20181025,0,5
128928,20181112,20181114,0,0
128944,20181113,20181113,0,0
128960,20181116,20181116,0,0
128992,20181120,20181122,0,5
129088,20181203,20190115,0,0
129168,20181210,20181210,0,32
129184,20181212,20181212,0,18
129200,20181214,20181214,0,83
129232,20181219,20181219,0,9
129264,20181220,20181220,0,3
129344,20190110,20200210,0,0
129408,20190122,20190122,0,18
129424,20190122,20190122,0,15
129440,20190123,20190123,0,2
129456,20190123,20190123,0,2
129552,20190206,20190206,0,6
129600,20190211,20190211,0,0
129776,20190219,20190219,0,0
129792,20190220,20190220,0,0
129824,20190220,20190220,0,5
129888,20190307,20190307,0,6
129904,20190307,20190307,0,6
129920,20190307,20190307,0,0
129984,20190314,20190314,0,0
130000,20190314,20190507,0,0
130096,20190326,20190326,0,14
130128,20190401,20190401,0,84
130144,20190402,20190404,0,0
130208,20190409,20190411,0,3
130240,20190411,20190411,0,0
130256,20190411,20190528,0,1
130288,20190411,20190415,0,1
130320,20190411,20190411,0,3
130336,20190412,20190415,0,0
130416,20190415,20190528,3,85
130432,20190415,20190425,3,85
130448,20190415,20200121,3,78
130480,20190415,20190415,0,86
130528,20190416,20190430,0,82
130576,20190416,20190430,0,82
130592,20190416,20190626,0,87
130640,20190418,20190423,0,0
130704,20190423,20190430,0,87
130720,20190423,20190429,0,3
130736,20190424,20190424,0,14
130816,20190507,20190514,0,80
130976,20190510,20190809,0,80
131024,20190510,20190514,0,79
131072,20190510,20191023,0,88
131152,20190513,20190626,0,84
131200,20190520,20190529,0,3
131216,20190521,20190610,0,1
131232,20190523,20190528,0,1
131248,20190523,20190528,0,1
131456,20190605,20190606,0,0
131488,20190605,20190610,0,84
131504,20190606,20190610,0,84
131536,20190610,20190610,0,18
131552,20190610,20190610,0,89
132048,20190703,20190705,0,90
132080,20190705,20190705,0,1
132096,20190705,20190705,3,91
132112,20190709,20190709,0,0
132144,20190710,20190710,0,3
132272,20190719,20190725,0,92
132288,20190722,20190807,0,3
132320,20190726,20190731,0,93
132336,20190726,20190731,0,94
132352,20190729,20190730,0,0
132368,20190731,20190731,0,11
132400,20190731,20190806,0,11
132512,20190806,20190806,0,9
132528,20190808,20190808,0,0
132656,20190814,20190815,0,0
132672,20190816,20190816,0,18
132736,20190828,20191022,0,0
132752,20190828,20190902,0,12
132784,20190830,20190912,0,0
132832,20190909,20190909,0,0
133984,20190916,20190916,0,0
134064,20190924,20190924,0,0
134080,20190924,20190924,0,0
134112,20190924,20190924,0,20
134128,20190926,20190930,3,95
134144,20190927,20190930,3,96
134176,20190927,20190930,3,95
134192,20190927,20190930,3,95
134224,20190927,20190930,0,12
134256,20191001,20191001,0,9
134272,20191002,20191002,0,0
134368,20191008,20191016,0,84
134416,20191017,20191017,0,0
134464,20191022,20191022,0,6
134480,20191024,20191025,0,0
134560,20191118,20191118,0,2
134592,20191118,20191127,0,84
134640,20191127,20191127,0,0
134672,20191205,20191205,0,0
134688,20191209,20200317,0,6
134704,20191211,20191211,0,11
134720,20191212,20191212,0,80
134784,20200113,20200305,0,0
134848,20200206,20200206,0,9
134864,20200207,20200207,0,19
134880,20200207,20200207,0,18
134896,20200207,20200207,0,19
134928,20200211,20200211,0,19
134976,20200211,20200211,0,19
135024,20200218,20200218,0,21
135056,20200219,20200221,0,17
135072,20200219,20200224,0,12
135088,20200221,20200416,0,25
135104,20200221,20200221,0,97
135120,20200221,20200221,0,42
135200,20200227,20200227,0,0
135216,20200227,20200227,0,0
135248,20200228,20200228,0,0
135264,20200302,20200302,0,19
135312,20200305,20200318,0,0
135328,20200305,20200305,0,0
135344,20200309,20200413,0,33
279344,20200313,20200313,0,2
279360,20200313,20200313,0,2
279376,20200318,20200318,0,11
279392,20200318,20200327,0,21
279408,20200318,20200320,0,19
279424,20200318,20200330,0,12
279456,20200323,20200428,0,83
279472,20200323,20200428,0,83
279488,20200323,20200325,0,83
279504,20200323,20200325,0,83
279552,20200403,20200403,0,0
279584,20200409,20200409,0,0
279616,20200414,20200414,0,30
279632,20200414,20200414,0,9
279648,20200414,20200414,0,0
279696,20200416,20200416,0,19
279728,20200416,20200416,0,0
279744,20200422,20200422,0,3
279776,20200423,20200423,0,88
279792,20200423,20200429,0,2
279808,20200424,20200427,0,15
279824,20200424,20200427,0,15
279840,20200428,20200428,0,21
279872,20200504,20200506,0,12
279952,20200507,20200511,0,15
279968,20200507,20200511,0,15
280000,20200508,20200511,0,15
280016,20200508,20200511,0,15
280032,20200512,20200512,0,0
280064,20200513,20200514,0,0
280080,20200513,20200513,0,10
280096,20200513,20200513,0,10
280112,20200515,20200519,0,0
280144,20200519,20200520,0,3
280208,20200520,20200521,0,0
280224,20200521,20200522,0,8
